LENOVO,IdeaPad 3 15ADA05 81W100GUVN,Xám,Ryzen 3 3250U,4GB,AMD Radeon Graphics,256GB SSD,15.6,2-CELL,1.85,Win 10,8999000,https://hanoicomputercdn.com/media/product/55782_idp3_15__4_.png
ACER,Aspire 3 A315-23-R8BA NX.HVUSV.001,Bạc,Ryzen 3 3250U,4GB,AMD Radeon Graphics,256GB SSD,15.6,2-CELL,1.7,Win 10,9389000,https://hanoicomputercdn.com/media/product/52487_acer_aspire_3_a315__8_.jpg
ASUS,D409DA-EK151T 90NB0P31-M01760,Bạc,Ryzen 3 3250U,4GB,AMD Radeon Graphics,256GB SSD,14,2-CELL,1.4,Win 10,9499000,https://hanoicomputercdn.com/media/product/50103_laptop_asus_d409da_ek151t_r3_bac_04.jpg
ASUS,Vivobook 90NB0P51-M14900,Bạc,Ryzen 3 3250U,4GB,Intel HD Graphics,256GB SSD,15.6,2-CELL,1.9,Win 10,9999000,https://hanoicomputercdn.com/media/product/56267_d509da__10_.jpg
ASUS,D409DA-EK499T 90NB0P31-M06320,Bạc,Ryzen 3 3250U,4GB,AMD Radeon Graphics,256GB SSD,14,2-CELL,1.4,Win 10,9999000,https://hanoicomputercdn.com/media/product/56319_d409__10_.jpg
ACER,Aspire 3 A315-56-37DV NX.HS5SV.001,Đen,Intel Core i3-1005G1,4GB,Intel HD Graphics,HDD + SSD,15.6,2-CELL,1.7,Win 10,10189000,https://hanoicomputercdn.com/media/product/52109_laptop_acer_aspire_3_a315_56_37dv__nx_hs5sv_001__i3.jpg
LENOVO,Lenovo Ideapad S145-14IIL 81W6001GVN,Xám,Intel Core i3-1005G1,4GB,Intel HD Graphics,256GB SSD,14,2-CELL,1.6,Win 10,10299000,https://hanoicomputercdn.com/media/product/50450_laptop_lenovo_ideapad_s145_14iil__81w6001gvnn__i3_xam.jpg
HP,HP 15s-fq1107TU 193Q3PA,Bạc,Intel Core i3-1005G1,4GB,Intel HD Graphics,256GB SSD,15.6,3-CELL,1.74,Win 10,10399000,https://hanoicomputercdn.com/media/product/53036_hp_15s__5_.jpg
DELL,Vostro 3401 70227394,Đen,Intel Core i3-1005G1,4GB,Intel HD Graphics,HDD,14,3-CELL,1.64,Win 10,10789000,https://hanoicomputercdn.com/media/product/56444_vostro3401__5_.png
LENOVO,IdeaPad 3 81W3002FVN,Xám,Ryzen 3 4300U,4GB,AMD Radeon Graphics,512GB SSD,14,2-CELL,1.5,Win 10,10999000,https://hanoicomputercdn.com/media/product/54252_ideapad3__4_.png
LENOVO,ideapad S145 81W600CEVN,Xám,Intel Core i3-1005G1,4GB,Intel HD Graphics,512GB SSD,14,2-CELL,1.6,Win 10,10999000,https://hanoicomputercdn.com/media/product/55627_lenovo_ideapad_s145_14iil___4_.jpg
LENOVO,S540-15IML 81NG004PVN,Xám,Intel Core i3-10110U,4GB,Intel HD Graphics,512GB SSD,15.6,3-CELL,1.8,Win 10,10999000,https://hanoicomputercdn.com/media/product/56166_50453_laptop_lenovo_ideapad_s540_15iml__81ng004pvn__i3_xam.jpg
HP,HP 348 G7 (SILVER) 9PG83PA,Bạc,Intel Core i3-8130U,4GB,Intel HD Graphics,256GB SSD,14,3-CELL,1.42,Win 10,10999000,NULL
DELL,Inspiron 3593C P75F013N93C,Đen,Intel Core i3-1005G1,4GB,Intel HD Graphics,256GB SSD,15.6,3-CELL,2,Win 10,11289000,https://hanoicomputercdn.com/media/product/52249_laptop_dell_inspiron_3593c__p75f013n93c__i3_den.jpg
LENOVO,S145-15API 81UT00F1VN,Xám,Ryzen 5 3500U,4GB,AMD Radeon Graphics,512GB SSD,15.6,2-CELL,1.85,Win 10,11299000,https://hanoicomputercdn.com/media/product/53000_lenovo_ideapad_s145__8_.jpg
DELL,Vostro 3591 V5I3308W,Đen,Intel Core i3-1005G1,4GB,Intel HD Graphics,256GB SSD,15.6,3-CELL,2,Win 10,11489000,https://hanoicomputercdn.com/media/product/54462_vostro_3591__4_.png
ASUS,A512DA-EJ1448T 90NB0LZ2-M24060,Bạc,Ryzen 3 3250U,4GB,AMD Radeon Graphics,512GB SSD,15.6,2-CELL,1.45,Win 10,11499000,https://hanoicomputercdn.com/media/product/54956_a512.png
ASUS,Vivobook 90NB0M51-M09280,Bạc,Ryzen 3 3250U,4GB,Intel HD Graphics,512GB SSD,14,2-CELL,1.5,Win 10,11499000,https://hanoicomputercdn.com/media/product/55474_mat_trong_vivobook_a412da_3.png
ASUS,D409DA-EK152T 90NB0P31-M01770,Bạc,Ryzen 5 3500U,4GB,AMD Radeon Graphics,256GB SSD,14,2-CELL,1.4,Win 10,11599000,https://hanoicomputercdn.com/media/product/50104_laptop_asus_d409da_ek152t_r5_bac.jpg
ASUS,D509DA EJ286T,Bạc,Ryzen 5 3500U,4GB,AMD Radeon Graphics,256GB SSD,15.6,2-CELL,1.7,Win 10,11799000,https://hanoicomputercdn.com/media/product/50157_laptop_asus_d509da_ej286t_ryzen_5_bac.jpg
ASUS,A412FA A412FA-EK1188T,Xanh,Intel Core i3-10110U,4GB,Intel HD Graphics,256GB SSD,14,2-CELL,1.25,Win 10,11999000,https://hanoicomputercdn.com/media/product/53623_mat_trong_vivobook_a412fa_3.png
ASUS,A512FA-EJ2007T A512FA-EJ2007T,Bạc,Intel Core i3-10110U,4GB,Intel HD Graphics,256GB SSD,15.6,2-CELL,1.7,Win 10,11999000,https://hanoicomputercdn.com/media/product/55335_a512fl__4_.png
ACER,Aspire 5 A514-53-3821 NX.HUSSV.001,Bạc,Intel Core i3-1005G1,4GB,Intel HD Graphics,HDD + SSD,14,3-CELL,1.5,Win 10,12189000,https://hanoicomputercdn.com/media/product/52087_acer_aspire_5_a514__8_.jpg
ASUS,VIVOBOOK S530UA S530UA-BQ072T,Vàng,Intel Core i3-8130U,4GB,Intel HD Graphics,HDD,15.6,3-CELL,1.64,Win 10,12199000,https://hanoicomputercdn.com/media/product/49513_asus_vivobook_s530ua__5_.png
LENOVO,IdeaPad S145-15IWL 81W8001YVN,Xám,Intel Core i5-1035G1,4GB,Intel HD Graphics,256GB SSD,15.6,2-CELL,1.6,Win 10,12299000,https://hanoicomputercdn.com/media/product/49369_lenovo_ideapad_s145__7_.jpg
MICROSOFT,Surface Go 2,Xám,Intel 4425Y,4GB,Intel HD Graphics,128GB SSD,10.5,3-CELL,0.56,Win 10,12499000,https://hanoicomputercdn.com/media/product/53384_microsoft_surface_go_2__5_.png
DELL,Vostro 3401 – Bảo hành tận nơi 70227392,Đen,Intel Core i3-1005G1,4GB,Intel HD Graphics,HDD + SSD,14,3-CELL,1.64,Win 10,12589000,https://hanoicomputercdn.com/media/product/56443_vostro3401__5_.png
ACER,Aspire 3 A315-56-59XY NX.HS5SV.003,Đen,Intel Core i5-1035G1,4GB,Intel HD Graphics,HDD + SSD,15.6,2-CELL,1.7,Win 10,12689000,https://hanoicomputercdn.com/media/product/52086_laptop_acer_aspire_a315_56_59xy__nx_hs5sv_003__i5.jpg
ACER,Aspire 5 A514-54-39KU NX.A23SV.003,Bạc,Intel Core i3-1115G4,4GB,Intel HD Graphics,HDD + SSD,14,3-CELL,1.5,Win 10,12989000,https://hanoicomputercdn.com/media/product/55834_a514_54__4_.png
HP,HP Pavilion 15-cs3010TU 8QN78PA,Xám,Intel Core i3-1005G1,4GB,Intel HD Graphics,256GB SSD,15.6,3-CELL,1.9,Win 10,12999000,https://hanoicomputercdn.com/media/product/50050_laptop_hp_pavilion_15_cs3010tu__8qn78pa__i3_xam.jpg
HP,14-ce3014TU 8QP03PA,Vàng,Intel Core i3-1005G1,4GB,Intel HD Graphics,256GB SSD,14,3-CELL,1.6,Win 10,12999000,https://hanoicomputercdn.com/media/product/51482_laptop_hp_pavilion_14_ce3014tu__8qp03pa__i3_vang.png
ASUS,TP412FA EC599T,Xanh,Intel Core i3-10110U,4GB,Intel HD Graphics,512GB SSD,14,3-CELL,1.5,Win 10,12999000,https://hanoicomputercdn.com/media/product/55883_tp412__4_.png
LENOVO,Lenovo Ideapad Slim 3 81W4009FVN,Xám,Ryzen 5 4500U,8GB,AMD Radeon Graphics,256GB SSD,15.6,2-CELL,2.39,Win 10,12999000,https://hanoicomputercdn.com/media/product/55884_idp3_15__4_.png
LENOVO,IdeaPad 3 14ARE05 81W30059VN,Đen,Ryzen 5 4500U,4GB,AMD Radeon Graphics,512GB SSD,14,2-CELL,2.15,Win 10,13199000,https://hanoicomputercdn.com/media/product/54196_lenovo_ideapad_3__4_.png
ASUS,Vivobook TM420IA-EC155T,Đen,Ryzen 3 4300U,4GB,AMD Radeon Graphics,256GB SSD,14,3-CELL,1.5,Win 10,13199000,https://hanoicomputercdn.com/media/product/56361_tm420ia_black_9_.png
ASUS,X409J (1S-TRANSPARENT SILVER),Bạc,Intel Core i5-1035G1,4GB,Intel HD Graphics,512GB SSD,14,2-CELL,1.45,Win 10,13699000,https://hanoicomputercdn.com/media/product/51981_laptop_asus_x409ja_ek014t_i5_bac.jpg
ASUS,90NB0SG2-M06220 A515EA-BQ489T,Bạc,Intel Core i3-1115G4,4GB,Intel HD Graphics,512GB SSD,14,3-CELL,1.35,Win 10,13849000,https://hanoicomputercdn.com/media/product/56230_a515__6_.png
ASUS,90NB0SG3-M06230 A515EA-BQ490T,Bạc,Intel Core i3-1115G4,4GB,Intel HD Graphics,512GB SSD,14,3-CELL,1.35,Win 10,13849000,https://hanoicomputercdn.com/media/product/56231_a515__6_.png
ASUS,90NB0SG1-M06240 A515EA-BQ491T,Bạc,Intel Core i3-1115G4,4GB,Intel HD Graphics,512GB SSD,14,3-CELL,1.35,Win 10,13849000,https://hanoicomputercdn.com/media/product/56232_a515__6_.png
HP,ProBook 445 G6�6XP98PA,Bạc,Ryzen 5 2500U,4GB,AMD Radeon Graphics,HDD + SSD,14,3-CELL,1.6,DOS,13999000,https://hanoicomputercdn.com/media/product/46346_hp_probook_445_g6__6_.png
HP,HP Pavilion x360 14-dw0060TU (GOLD) 195M8PA,Vàng,Intel Core i3-1005G1,4GB,Intel HD Graphics,256GB SSD,14,3-CELL,1.65,Win 10,13999000,https://hanoicomputercdn.com/media/product/53604_hp_pavilion_x360__4_.png
HP,HP 14s-dq1065TU 9TZ44PA,Bạc,Intel Core i5-1035G1,8GB,Intel HD Graphics,512GB SSD,14,3-CELL,1.46,Win 10,13999000,https://hanoicomputercdn.com/media/product/56169_51483_laptop_hp_14s_dq1065tu__8qn32pa__i5_bac.jpg
DELL,Inspiron 5391 N3I3001W,Bạc,Intel Core i3 10110U,4GB,Intel HD Graphics,128GB SSD,13.3,4-CELL,1.24,Win 10,14289000,https://hanoicomputercdn.com/media/product/49826_laptop_dell_inspiron_5391__n3i3001w__01.png
HP,Notebook 8VY69PA,Bạc,Intel Core i5-1035G1,4GB,Intel HD Graphics,512GB SSD,15.6,3-CELL,1.69,Win 10,14299000,https://hanoicomputercdn.com/media/product/55435_hp_15s__5_.jpg
LENOVO,IdeaPad 3 15IIL05 (BUSINESS_BLACK) 81WE0086VN,Đen,Intel Core i5-1035G4,4GB,Intel HD Graphics,512GB SSD,15.6,2-CELL,1.663,Win 10,14499000,https://hanoicomputercdn.com/media/product/55892_idp3_15__4_.png
ACER,Aspire 3 A315-55G-504M NX.HNSSV.006,Đen,Intel Core i5-10210U,4GB,NVIDIA GeForce MX230,HDD + SSD,15.6,3-CELL,1.7,Win 10,14589000,https://hanoicomputercdn.com/media/product/52624_acer_aspire_3_a315_55g_504_6_.jpg
ACER,Aspire 5 A514-53-50JA NX.HUSSV.002,Bạc,Intel Core i5-1035G1,4GB,Intel HD Graphics,256GB SSD,14,3-CELL,1.5,Win 10,14689000,https://hanoicomputercdn.com/media/product/52110_acer_aspire_5_a514__8_.jpg
DELL,Inspiron 3593 P75F013N93D,Đen,Intel Core i5 1035G1,4GB,Intel HD Graphics,HDD + SSD,15.6,3-CELL,2,Win 10,14689000,https://hanoicomputercdn.com/media/product/52887_dell_inspiron_n3593d__1_.jpg
DELL,Inspiron 3593 70205744,Bạc,Intel Core i5 1035G1,4GB,NVIDIA GeForce MX230,256GB SSD,15.6,3-CELL,2,Win 10,14989000,https://hanoicomputercdn.com/media/product/52248_laptop_dell_inspiron_3593__70205744__i5_bac.jpg
DELL,Inspiron 3593 70205743,Đen,Intel Core i5 1035G1,4GB,NVIDIA GeForce MX230,256GB SSD,15.6,3-CELL,2,Win 10,14989000,https://hanoicomputercdn.com/media/product/53668_inspiron_3593__4_.png
HP,HP Pavilion 15-cs3015TU 8QP15PA,Xám,Intel Core i5-1035G1,4GB,Intel HD Graphics,256GB SSD,15.6,3-CELL,1.9,Win 10,14999000,https://hanoicomputercdn.com/media/product/50052_laptop_hp_pavilion_15_cs3015tu__8qp15pa__i5_xam.jpg
MICROSOFT,Surface Go 2,Xám,Intel 4425Y,8GB,Intel HD Graphics,128GB SSD,10.5,3-CELL,0.56,Win 10,14999000,https://hanoicomputercdn.com/media/product/53385_microsoft_surface_go_2__5_.png
LENOVO,IdeaPad 3 14IIL05 81WD00D9VN,Xám,Intel Core i5-1035G1,4GB,Intel HD Graphics,512GB SSD,14,2-CELL,1.6,Win 10,14999000,https://hanoicomputercdn.com/media/product/56306_ide__pd3__4_.png
ACER,Aspire 5 A515-55-55JA NX.HSMSV.003,Bạc,Intel Core i5-1035G1,4GB,Intel HD Graphics,HDD + SSD,15.6,3-CELL,1.7,Win 10,15289000,https://hanoicomputercdn.com/media/product/53015_acer_aspire_5_a515_54_51j3__6_.png
DELL,Vostro 3591 GTNHJ1,Đen,Intel Core i5-1035G1,8GB,Intel HD Graphics,256GB SSD,15.6,3-CELL,2,Win 10,15489000,https://hanoicomputercdn.com/media/product/56338_vostro_3591__4_.png
LENOVO,Máy tính xách tay IdeaPad 3 14ARE05 81W3005AVN,Xám,Ryzen 7 4700U,4GB,AMD Radeon Graphics,512GB SSD,14,2-CELL,2.15,Win 10,15499000,https://hanoicomputercdn.com/media/product/54197_ideapad3__4_.png
ASUS,M433I (8W – DREAMY WHITE),Trắng,Ryzen 5 4500U,8GB,AMD Radeon Graphics,512GB SSD,14,3-CELL,1.41,Win 10,15499000,https://hanoicomputercdn.com/media/product/56167_53778_m433__4_.jpg
ASUS,M433I (8W – DREAMY WHITE),Trắng,Ryzen 5 4500U,8GB,AMD Radeon Graphics,512GB SSD,14,3-CELL,1.41,Win 10,15499000,https://hanoicomputercdn.com/media/product/56168_53778_m433__4_.jpg
ACER,Aspire 5 A514-53-50P9 NX.HUSSV.004,Bạc,Intel Core i5-1035G1,8GB,Intel HD Graphics,HDD + SSD,14,3-CELL,1.5,Win 10,15589000,https://hanoicomputercdn.com/media/product/52111_acer_aspire_5_a514__8_.jpg
HP,HP 348 G7 (SILVER) 9PH06PA,Bạc,Intel Core i5-10210U,8GB,Intel HD Graphics,512GB SSD,14,3-CELL,1.42,Win 10,15799000,https://hanoicomputercdn.com/media/product/51840_laptop_hp_348_g7__9ph06pa__i5_bac.jpg
DELL,Vostro 3590 P75F010N90B,Đen,Intel Core i5-10210U,8GB,AMD Radeon 610,256GB SSD,15.6,3-CELL,2,Win 10,15799000,https://hanoicomputercdn.com/media/product/52972_dell_vostro_3590b__1_.jpg
ASUS,X509J (1S-TRANSPARENT SILVER),Bạc,Intel Core i5-1035G1,4GB,NVIDIA GeForce MX330,512GB SSD,15.6,2-CELL,1.71,Win 10,15899000,https://hanoicomputercdn.com/media/product/52293_laptop_asus_x509jp_ej013t_i5_bac.jpg
LENOVO,ThinkPad E14 20RAS0KX00,Đen,Intel Core i5-10210U,8GB,Intel HD Graphics,256GB SSD,14,3-CELL,1.73,DOS,16299000,https://hanoicomputercdn.com/media/product/52609_lenovo_thinkpad_e14__7_.jpg
LENOVO,ThinkPad E15 (BLACK) 20RDS0DM00,Đen,Intel Core i5-10210U,8GB,Intel HD Graphics,256GB SSD,15.6,3-CELL,1.7,DOS,16299000,https://hanoicomputercdn.com/media/product/52796_lenovo_thinkpad_e15__6_.jpg
DELL,Latitude 3400 L3400I5SSD,Đen,Intel Core i5 8265U,8GB,Intel HD Graphics,256GB SSD,14,3-CELL,1.75,Ubuntu,16389000,https://hanoicomputercdn.com/media/product/47380_dell_latitude_3400__1_.jpg
MSI,Modern14 A10M - model mỏng nhẹ 1040VN,Xám,Intel Core i5-10210U,8GB,Intel HD Graphics,256GB SSD,14,4-CELL,1.19,Win 10,16589000,https://hanoicomputercdn.com/media/product/54400_msi_modern_14__1_.jpg
DELL,Inspiron 5593 N5I5513W,Bạc,Intel Core i5-1035G1,8GB,NVIDIA GeForce MX230,256GB SSD,15.6,3-CELL,2,Win 10,16989000,https://hanoicomputercdn.com/media/product/52588_dell_inspiron_5593__6_.jpg
ASUS,P2451FA-EK0229T P2451FA-EK0229T,Đen,Intel Core i5-10210U,8GB,Intel HD Graphics,512GB SSD,14,3-CELL,1.5,Win 10,16999000,https://hanoicomputercdn.com/media/product/53844_asus_expertbook_p2451fa__4_.jpg
DELL,Inspiron 5593 7WGNV1,Bạc,Intel Core i5-1035G1,8GB,Intel HD Graphics,512GB SSD,15.6,3-CELL,1.9,Win 10,17389000,https://hanoicomputercdn.com/media/product/49671_laptop_dell_inspiron_5593__7wgnv1__i5.jpg
ASUS,90NB0M21-M05120 A412FJ-EK387T,Bạc,Intel Core i5-10210U,4GB,NVIDIA GeForce MX230,512GB SSD,14,2-CELL,1.25,Win 10,17499000,https://hanoicomputercdn.com/media/product/55629_asus_a412__6_.png
HP,HP ProBook 450 G7 (SILVER) 9GQ34PA,Bạc,Intel Core i5-10210U,8GB,Intel HD Graphics,256GB SSD,15.6,3-CELL,1.845,DOS,17699000,https://hanoicomputercdn.com/media/product/51826_laptop_hp_probook_450_g6__9gq34pa__i5_bac.jpg
ACER,Aspire 5 A515-55G-5633 NX.HZFSV.002,Bạc,Intel Core i5-1035G1,8GB,NVIDIA GeForce MX350,512GB SSD,15.6,2-CELL,1.7,Win 10,17889000,https://hanoicomputercdn.com/media/product/55833_acer_aspire_5_a515_54_51j3__6_.png
ASUS,Vivobook 90NB0M92-M07460,Bạc,Intel Core i5-10210U,4GB,NVIDIA GeForce MX250,512GB SSD,15.6,2-CELL,1.75,Win 10,17899000,https://hanoicomputercdn.com/media/product/53776_a512fl__4_.png
DELL,Inspiron 5584 N5I5353W,Bạc,Intel Core i5-8265U,8GB,NVIDIA GeForce MX130,HDD + SSD,15.6,3-CELL,1.95,Win 10,17989000,https://hanoicomputercdn.com/media/product/46640_dell_inspiron_5584__7_.png
DELL,Vostro 5590 P116G001V90D,Xám,Intel Core i5-10210U,8GB,NVIDIA GeForce MX230,256GB SSD,14,3-CELL,1.49,Win 10,17989000,NULL
LENOVO,Lenovo Legion Y540-15IRH-PG0 81SY004WVN,Đen,Intel Core i5-9300H,8GB,NVIDIA GeForce GTX 1650,HDD + SSD,15.6,3-CELL,2.3,Win 10,17999000,https://hanoicomputercdn.com/media/product/54938_52659_lenovo_legion_y540_15irh_81sy004wvn__5_.jpg
MSI,GF63 9SCXR (2020) 075VN,Đen,Intel Core i5-9300H,8GB,NVIDIA GeForce GTX 1650,512GB SSD,15.6,3-CELL,1.86,Win 10,18189000,https://hanoicomputercdn.com/media/product/52785_msi_nb_gf63__8_.jpg
ACER,Swift 3 SF314-57-52GB WTY_NX.HJFSV.001,Xám,Intel Core i5-1035G1,8GB,Intel HD Graphics,512GB SSD,14,3-CELL,1.19,Win 10,18289000,https://hanoicomputercdn.com/media/product/49906_652.jpg
ASUS,FX505D (1A-GUN METAL),Đen,Ryzen 5 3550H,8GB,NVIDIA GeForce GTX 1650,512GB SSD,15.6,3-CELL,2.139,Win 10,18299000,https://hanoicomputercdn.com/media/product/54524_xxx.jpg
MICROSOFT,Surface Pro 7 QWT-00001,Xám,Intel Core i5-1005G1,4GB,Intel HD Graphics,128GB SSD,12.3,3-CELL,0.76,Win 10,18499000,https://hanoicomputercdn.com/media/product/53798_surface_pro_7__3_.jpg
DELL,Inspiron 5593 N5I5461W,Bạc,Intel Core i5-1035G1,8GB,NVIDIA GeForce MX230,512GB SSD,15.6,3-CELL,2,Win 10,18689000,https://hanoicomputercdn.com/media/product/49172_dell_inspiron_5593_n5i5461w_.jpg
ASUS,Vivobook S433EA S433EA-EB099T,Đen,Intel Core i5-11135G7,8GB,Intel HD Graphics,512GB SSD,14,3-CELL,1.35,Win 10,18949000,https://hanoicomputercdn.com/media/product/55682_vivobook_s433_den.jpg
HP,ProBook 440 G6 5YM73PA,Bạc,Intel Core i7-8565U,8GB,Intel HD Graphics,HDD + SSD,14,3-CELL,1.6,DOS,18999000,https://hanoicomputercdn.com/media/product/49890_laptop_hp_probook_440_g6__5ym73pa__i7_bac.jpg
HP,Notebook 1N1H6PA,Bạc,Ryzen 5 4600H,8GB,NVIDIA GeForce GTX 1650,HDD + SSD,15.6,3-CELL,1.98,Win 10,18999000,https://hanoicomputercdn.com/media/product/54959_pavalion15__4_.png
ACER,"Aspire 7 A715-41G-R282 – model Giải trí, Gaming NH.Q8SSV.005",Đen,Ryzen 5 3550H,8GB,NVIDIA GeForce GTX 1650Ti,512GB SSD,15.6,3-CELL,2.1,Win 10,18999000,https://hanoicomputercdn.com/media/product/55520_54152_aspire7.jpg
MSI,Bravo 15 A4DCR (2020) 270VN,Đen,Ryzen 5 4600H,8GB,AMD Radeon RX 5300M,256GB SSD,15.6,3-CELL,1.96,Win 10,19189000,https://hanoicomputercdn.com/media/product/56199_msi_gaming_bravo_15_a4dc_052vn__5_.jpg
LENOVO,IdeaPad Gaming 3 81Y4006SVN,Đen,Intel Core i5-10300H,8GB,NVIDIA GeForce GTX 1650,512GB SSD,15.6,3-CELL,2.2,Win 10,19399000,https://hanoicomputercdn.com/media/product/53891_legion_gaming_3__4_.png
DELL,Vostro 3590� GRMGK2,Đen,Intel Core i7-10510U,8GB,AMD Radeon 610,256GB SSD,15.6,3-CELL,2,Win 10,19489000,https://hanoicomputercdn.com/media/product/51387_laptop_dell_vostro_3590__grmgk2_.jpeg
DELL,Vostro 5590i HYXT92,Xám,Intel Core i5-10210U,8GB,NVIDIA GeForce MX250 2GB GDDR5,256GB SSD,15.6,3-CELL,1.69,Win 10,19789000,https://hanoicomputercdn.com/media/product/56020_vostro_5590__8_.jpg
ACER,Nitro 5 AN515-43-R4VJ NH.Q6ZSV.004,Đen,Ryzen 7 3750H,8GB,NVIDIA GeForce GTX 1650,HDD + SSD,15.6,4-CELL,2.3,Win 10,19999000,https://hanoicomputercdn.com/media/product/53782_648.png
ACER,"Aspire 7 A715-41G-R150 – model Giải trí, Gaming NH.Q8SSV.004",Đen,Ryzen 7 3750H,8GB,NVIDIA GeForce GTX 1650Ti,HDD + SSD,15.6,4-CELL,2.1,Win 10,19999000,https://hanoicomputercdn.com/media/product/55521_54152_aspire7.jpg
MSI,GF63 10SCXR (2020) 1218VN,Đen,Intel Core i5-10300H ,8GB,NVIDIA GeForce GTX 1650,512GB SSD,15.6,3-CELL,1.86,Win 10,20389000,https://hanoicomputercdn.com/media/product/55895_msi_nb_gf63__8_.jpg
LENOVO,IdeaPad Gaming 3 15ARH05 (ONYX_BLACK) 82EY005VVN,Đen,Ryzen 7 4800H,8GB,NVIDIA GeForce GTX 1650,512GB SSD,15.6,3-CELL,2.079,Win 10,20499000,https://hanoicomputercdn.com/media/product/55279_legion_gaming_3__4_.png
DELL,Inspiron 5490 – Bảo hành tận nơi FMKJV11,Bạc,Intel Core i5-10210U,4GB,NVIDIA GeForce MX250,512GB SSD,14,3-CELL,1.42,Win 10,20689000,https://hanoicomputercdn.com/media/product/56381_inspiron_5490__6_.jpg
MICROSOFT,Surface Pro 7,Bạc,Intel Core i5-1035G4,8GB,Intel HD Graphics,128GB SSD,12.3,3-CELL,0.76,Win 10,20699000,https://hanoicomputercdn.com/media/product/53486_surface_pro_7__3_.jpg
ASUS,Asus VivoBook A512FL-EJ567T,Bạc,Intel Core i7-10510U,8GB,NVIDIA GeForce MX250,512GB SSD,15.6,2-CELL,1.75,Win 10,20699000,https://hanoicomputercdn.com/media/product/53777_a512fl__4_.png
HP,HP Envy 13-ba0045TU (GOLD) 171M2PA,Vàng,Intel Core i5-1035G4,8GB,Intel HD Graphics,256GB SSD,13.3,2-CELL,1.258,Win 10,20999000,https://hanoicomputercdn.com/media/product/53797_envy_13_ba0046tu__4_.png
ASUS,FA506I (1A – GRAY METAL),Xám,Ryzen 5 4600H,8GB,NVIDIA GeForce GTX 1650Ti,512GB SSD,15.6,3-CELL,2.056,Win 10,21499000,https://hanoicomputercdn.com/media/product/52290_laptop_asus_gaming_tuf_fa506ii_al012t_r5_xam.jpg
LENOVO,ThinkPad E15 (BLACK) 20RDS0DU00,Đen,Intel Core i7-10510U,8GB,AMD Radeon RX 640,512GB SSD,15.6,3-CELL,1.804,DOS,21499000,https://hanoicomputercdn.com/media/product/52797_lenovo_thinkpad_e15__6_.jpg
ASUS,S333JA-EG044T 90NB0Q53-M01380,Trắng,Intel Core i7-1065G7,8GB,Intel HD Graphics,512GB SSD,13.3,3-CELL,1.05,Win 10,21499000,https://hanoicomputercdn.com/media/product/53625_vivobook_s333_trang.jpg
MSI,Modern 14 B11M - model mỏng nhẹ (2020) 073VN,Xám,Intel Core i7 1165G7,8GB,Intel HD Graphics,512GB SSD,14,4-CELL,1.3,Win 10,21689000,https://hanoicomputercdn.com/media/product/56297_morden14__7_.png
ACER,Nitro 5 AN515-55-5304 (2020) NH.Q7RSV.002,Đen,Intel Core i5-10300H,8GB,NVIDIA GeForce GTX 1650,HDD + SSD,15.6,4-CELL,2.3,Win 10,21989000,https://hanoicomputercdn.com/media/product/52626_690.jpg
LENOVO,IdeaPad Gaming 3 81Y40067VN,Đen,Intel Core i7-10750H,8GB,NVIDIA GeForce GTX 1650,512GB SSD,15.6,3-CELL,2.2,Win 10,21999000,https://hanoicomputercdn.com/media/product/53892_legion_gaming_3__4_.png
ASUS,P2451FA-EK0297 P2451FA-EK0297,Đen,Intel Core i7-10510U,16GB,Intel HD Graphics,512GB SSD,14,3-CELL,1.5,DOS,21999000,https://hanoicomputercdn.com/media/product/54527_asus_expertbook_p2451fa__4_.jpg
ASUS,ASUS TUF Gaming F15 FX506LI-HN096T,Xám,Intel Core i5-10300H,8GB,NVIDIA GeForce GTX 1650Ti,512GB SSD,15.6,3-CELL,2.3,Win 10,22299000,https://hanoicomputercdn.com/media/product/56045_fx506__6_.jpg
DELL,Gaming G3 15 3500 (2020) 70223130,Đen,Intel Core i5-10300H,8GB,NVIDIA GeForce GTX 1650,256GB SSD,15.6,3-CELL,2.34,Win 10,22489000,https://hanoicomputercdn.com/media/product/55229_g3__4_.png
HP,HP Envy 13-ba1027TU (GOLD) 2K0B1PA,Vàng,Intel Core i5-1135G7,8GB,Intel HD Graphics,256GB SSD,13.3,3-CELL,1.236,Win 10,22499000,https://hanoicomputercdn.com/media/product/56042_envy13__4_.png
DELL,Latitude 5410 70216827,Xám,Intel Core i5-10310U,8GB,Intel HD Graphics,256GB SSD,14,4-CELL,1.47,Win 10,22589000,https://hanoicomputercdn.com/media/product/55656_latitude_5410.png
ASUS,FA506II FA506II-AL016T,Xám,Ryzen 7 4800H,8GB,NVIDIA GeForce GTX 1650Ti,512GB SSD,15.6,3-CELL,2.3,Win 10,22599000,https://hanoicomputercdn.com/media/product/52477_asus_gaming_tuf_fa506ii__8_.jpg
MSI,Modern 14 B11SB (2020) 074VN,Xanh,Intel Core i5-1135G7,8GB,NVIDIA GeForce MX450,HDD,14,3-CELL,1.3,Win 10,22689000,https://hanoicomputercdn.com/media/product/55874_modern14__6_.png
ACER,Nitro 5 AN515-55-5923 (2020) NH.Q7NSV.004,Đen,Intel Core i5-10300H,8GB,NVIDIA GeForce GTX 1650Ti,HDD + SSD,15.6,4-CELL,2.3,Win 10,22789000,https://hanoicomputercdn.com/media/product/53839_692.jpg
MSI,GF63 Thin 9SCSR 846VN,Đen,Intel Core i7 9750H,8GB,NVIDIA GeForce GTX 1650Ti,512GB SSD,15.6,3-CELL,1.86,Win 10,22989000,https://hanoicomputercdn.com/media/product/54517_msi_nb_gf63__8_.jpg
HP,HP Envy X360 13-ay0067au (171N1PA) 171N1PA,Đen,Ryzen 5 4500U,8GB,AMD Radeon Graphics,256GB SSD,13.3,3-CELL,1.32,Win 10,22999000,https://hanoicomputercdn.com/media/product/54468_envyx360con__5_.png
MSI,Modern 14 B10RASW (2020) 202VN,Đen,Intel Core i7-10510U,8GB,NVIDIA GeForce MX330,256GB SSD,14,4-CELL,1.19,Win 10,23689000,https://hanoicomputercdn.com/media/product/55498_morden_14_black__5_.png
ASUS,Zenbook UX434FLC-A6212T,Bạc,Intel Core i5-10210U,8GB,NVIDIA GeForce MX250,512GB SSD,14,3-CELL,1.1,Win 10,23999000,https://hanoicomputercdn.com/media/product/49284_asus_zenbook_ux434flc_a6212t_.png
MICROSOFT,Surface Laptop 3,Bạc,Intel Core i5-1035G7,8GB,Intel HD Graphics,128GB SSD,13.3,2-CELL,1.288,Win 10,23999000,https://hanoicomputercdn.com/media/product/50797_surface_laptop_3_i5_13.jpg
ASUS,G512 IAL013T,Đen,Intel Core i5-10300H,8GB,Intel HD Graphics,HDD,15.6,3-CELL,2.4,Win 10,23999000,https://hanoicomputercdn.com/media/product/52881_gaming_rog_stixg512_ial013t__5_.png
ASUS,G531G (1C-G BLACK W/LIGHTBAR),Đen,Intel Core i7-9750H,8GB,NVIDIA GeForce GTX 1650,512GB SSD,15.6,3-CELL,2.269,Win 10,23999000,https://hanoicomputercdn.com/media/product/53841_asus_rog_strix_g_g531__5_.png
MSI,Bravo 17 A4DCR (2020) 200VN,Đen,Ryzen 5 4600H,16GB,AMD Radeon RX 5500M,512GB SSD,17.3,3-CELL,2.3,Win 10,24489000,https://hanoicomputercdn.com/media/product/56296_bravo17__1_.png
MSI,GF75 Thin 10SCXR 248VN,Đen,Intel Core i7-10750H,8GB,NVIDIA GeForce GTX 1650Ti,512GB SSD,17.3,3-CELL,2.2,Win 10,24589000,https://hanoicomputercdn.com/media/product/53599_53483_laptop_msi_gaming_gf75_thin_10scsr__208vn_.jpg
MSI,GF63 10SCSR 830VN,Đen,Intel Core i7-10750H,8GB,NVIDIA GeForce GTX 1650Ti,512GB SSD,15.6,3-CELL,1.86,Win 10,24589000,https://hanoicomputercdn.com/media/product/54166_msi_nb_gf63__8_.jpg
APPLE,Macbook Air 13 - 2020 MWTJ2,Xám,Intel Core i3,8GB,Intel HD Graphics,256GB SSD,13.3,3-CELL,1.29,Mac OS,25289000,https://hanoicomputercdn.com/media/product/53016_apple_macbook_air___5_.jpg
APPLE,Macbook Air 13 - 2020 MWTK2,Bạc,Intel Core i3,8GB,Intel HD Graphics,256GB SSD,13.3,3-CELL,1.29,Mac OS,25289000,https://hanoicomputercdn.com/media/product/53017_apple_macbook_air__6_.jpg
APPLE,Macbook Air 13 - 2020 MWTL2,Vàng,Intel Core i3,8GB,Intel HD Graphics,256GB SSD,13.3,3-CELL,1.29,Mac OS,25289000,https://hanoicomputercdn.com/media/product/53018_apple_macbook_air__4_.jpg
MSI,GF75 Thin 10SCSR 208VN,Đen,Intel Core i7-10750H,8GB,NVIDIA GeForce GTX 1650Ti,512GB SSD,17.3,3-CELL,2.2,Win 10,25289000,https://hanoicomputercdn.com/media/product/53483_laptop_msi_gaming_gf75_thin_10scsr__208vn_.jpg
ASUS,Asus TUF FA506IU-AL127T,Xám,Ryzen 7 4800H,8GB,NVIDIA GeForce GTX 1650Ti,512GB SSD,15.6,4-CELL,2.3,Win 10,25499000,https://hanoicomputercdn.com/media/product/52744_asus_gaming_tuf_fa506iu_al127t__9_.jpg
HP,Notebook 1K3U8PA,Bạc,Intel Core i7-10750H,8GB,NVIDIA GeForce GTX 1650Ti,512GB SSD,15.6,3-CELL,2.23,Win 10,25499000,https://hanoicomputercdn.com/media/product/54960_pavalion15__4_.png
ASUS,ASUS TUF Gaming F15 FX506LI-HN096T,Xám,Intel Core i7-10870H,8GB,NVIDIA GeForce GTX 1650Ti,512GB SSD,15.6,3-CELL,2.3,Win 10,25599000,https://hanoicomputercdn.com/media/product/56046_fx506__6_.jpg
MICROSOFT,Surface Pro 7,Bạc,Intel Core i5-1035G4,8GB,Intel HD Graphics,256GB SSD,12.3,3-CELL,0.76,Win 10,26399000,https://hanoicomputercdn.com/media/product/55725_surface_pro_7__3_.jpg
DELL,Inspiron 7490 N4I5106W ,Bạc,Intel Core i5 10210U,8GB,NVIDIA GeForce MX250,512GB SSD,14,4-CELL,1.21,Win 10,26489000,https://hanoicomputercdn.com/media/product/50416_laptop_dell_inspiron_7490__n4i5106w__i5_bac.png
ASUS,FA706IU FA706IU-H7133T,Xám,Ryzen 7 4800H,8GB,NVIDIA GeForce GTX 1660Ti,512GB SSD,17.3,4-CELL,2.6,Win 10,26599000,https://hanoicomputercdn.com/media/product/52384_asus_gaming_tuf_fa706iu_h7133t__8_.jpg
LG,LG Gram 14ZD90N (Model 2020) V.AX53A5,Trắng,Intel Core i5-1035G7,8GB,Intel HD Graphics,256GB SSD,14,6-CELL,0.999,DOS,26689000,https://hanoicomputercdn.com/media/product/52018_14zd90n_v_ax53a5.png
ACER,Nitro 5 AN515-55-70AX (2020) NH.Q7NSV.001,Đen,Intel Core i7-10750H,8GB,NVIDIA GeForce GTX 1650Ti,512GB SSD,15.6,4-CELL,2.3,Win 10,26999000,https://hanoicomputercdn.com/media/product/52841_690.jpg
HP,HP Envy 13-ba0047TU (GOLD) 171M8PA,Vàng,Intel Core i7-1065G7,8GB,Intel HD Graphics,512GB SSD,13.3,3-CELL,1.25,Win 10,26999000,https://hanoicomputercdn.com/media/product/54070_hp_envy_13__4_.png
DELL,Gaming G3 15 3500 (2020) P89F002G3500A,Đen,Intel Core i7-10750H,8GB,NVIDIA GeForce GTX 1650Ti,512GB SSD,15.6,3-CELL,2.34,Win 10,27489000,https://hanoicomputercdn.com/media/product/55228_g3__4_.png
ASUS,G512 (1C – BLACK PLASTIC),Đen,Intel Core i7-10750H,8GB,NVIDIA GeForce GTX 1650Ti,512GB SSD,15.6,3-CELL,2.277,Win 10,27499000,https://hanoicomputercdn.com/media/product/53845_asus_gaming_rog_strix_g512__4_.jpg
HP,HP Envy 13-ba1030TU (GOLD) 2K0B6PA,Vàng,Intel Core i7-1165G7,8GB,Intel HD Graphics,512GB SSD,13.3,3-CELL,1.231,Win 10,27799000,https://hanoicomputercdn.com/media/product/56043_envy13__4_.png
ACER,Nitro 5 AN515-55-77P9 NH.Q7NSV.003,Đen,Intel Core i7-10750H,8GB,NVIDIA GeForce GTX 1650Ti,HDD + SSD,15.6,4-CELL,2.3,Win 10,27989000,https://hanoicomputercdn.com/media/product/55522_acernitro5__5_.jpg
LG,LG Gram 14ZD90N (Model 2020) V.AX55A5,Xám,Intel Core i5-1035G7,8GB,Intel HD Graphics,512GB SSD,14,6-CELL,0.999,DOS,27999000,https://hanoicomputercdn.com/media/product/52019_14zd90n_v_ax55a5.png
HP,HP Envy 13-aq1047TU (Black – Wood) 8XS69PA,Đen,Intel Core i7-10510U,8GB,Intel HD Graphics,512GB SSD,13.3,4-CELL,1.3,Win 10,27999000,https://hanoicomputercdn.com/media/product/52064_laptop_hp_envy_13_aq1047tu__8xs69pa__i7_van_go.jpg
LG,LG Gram 15ZD90N (Model 2020) V.AX56A5,Trắng,Intel Core i5-1035G7,8GB,Intel HD Graphics,512GB SSD,15.6,6-CELL,1.12,DOS,29489000,https://hanoicomputercdn.com/media/product/52020_15zd90n_v_ax56a5.png
ASUS,GA502I (4A – BLACK PLASTIC),Đen,Ryzen 7 4800HS,8GB,NVIDIA GeForce GTX 1660Ti,512GB SSD,15.6,4-CELL,2.098,Win 10,29499000,https://hanoicomputercdn.com/media/product/52292_laptop_asus_rog_zephyrus_g15_ga502iu_al007t_r7_den.jpg
MSI,Prestige 14 EVO A11M 089VN,Xám,Intel Core i7-1185G7,16GB,Intel HD Graphics,512GB SSD,14,3-CELL,1.29,Win 10,29589000,https://hanoicomputercdn.com/media/product/56137_prestig14evo__4_.png
MICROSOFT,Surface Laptop 3,Đen, Intel Core i5-1035G7,8GB,Intel HD Graphics,256GB SSD,13.3,2-CELL,1.288,Win 10,29999000,https://hanoicomputercdn.com/media/product/50798_sf_laptop3__5_.png
DELL,Gaming G5 15 5500 (2020) 70225485,Đen,Intel Core i7-10750H,8GB,NVIDIA GeForce GTX 1660Ti,512GB SSD,15.6,4-CELL,2.34,Win 10,29999000,https://hanoicomputercdn.com/media/product/55230_g5__4_.png
HP,HP Envy 13-ba1031TU (GOLD) 2K0B7PA,Vàng,Intel Core i7-1165G7,16GB,Intel HD Graphics,512GB SSD,13.3,3-CELL,1.236,Win 10,30699000,https://hanoicomputercdn.com/media/product/56044_envy13__4_.png
ASUS,Asus TUF FA506IV-HN202T,Xám,Ryzen 7 4800H,8GB,NVIDIA GeForce RTX 2060,512GB SSD,15.6,4-CELL,2.3,Win 10,30999000,https://hanoicomputercdn.com/media/product/52709_asus_gaming_tuf_fa506iv_hn202t__9_.jpg
DELL,Gaming G3 15 3500 (2020) P89F002G3500B,Đen,Intel Core i7-10750H,16GB,NVIDIA GeForce GTX 1660Ti,512GB SSD,15.6,3-CELL,2.34,Win 10,31489000,https://hanoicomputercdn.com/media/product/55227_g3__4_.png
MSI,GL65 10SDK (2020) 242VN,Đen,Intel Core i7-10750H,16GB,NVIDIA GeForce GTX 1660Ti,512GB SSD,15.6,6-CELL,2.3,Win 10,31689000,https://hanoicomputercdn.com/media/product/52678_msi_gaming_gl65_leopard__5_.jpg
MSI,GL65 10SDR (2020) 495VN,Đen,Intel Core i7-10750H,16GB,NVIDIA GeForce GTX 1660Ti,512GB SSD,17.3,6-CELL,2.6,Win 10,32489000,https://hanoicomputercdn.com/media/product/56030_gl75__4_.png
APPLE,Macbook Air 13 - 2020 MVH22,Xám,Intel Core i5,8GB,Intel HD Graphics,512GB SSD,13.3,3-CELL,1.29,Mac OS,32789000,https://hanoicomputercdn.com/media/product/53019_apple_macbook_air___5_.jpg
APPLE,Macbook Air 13 - 2020 MVH52,Vàng,Intel Core i5,8GB,Intel HD Graphics,512GB SSD,13.3,3-CELL,1.29,Mac OS,32789000,https://hanoicomputercdn.com/media/product/53021_apple_macbook_air__4_.jpg
ASUS,MTXT Asus ROG Zephyrus M GU502GU-AZ090T,Đen,Intel Core i7-9750H,16GB,NVIDIA GeForce GTX 1660Ti,512GB SSD,15.6,4-CELL,1.99,Win 10,32999000,https://hanoicomputercdn.com/media/product/48324_mat_trong3_zephyrus_m.png
DELL,Gaming G5 15 5500 (2020) 70225486,Đen,Intel Core i7-10750H,8GB,NVIDIA GeForce RTX 2060,512GB SSD,15.6,4-CELL,2.34,Win 10,33489000,https://hanoicomputercdn.com/media/product/55231_g5__4_.png
ASUS,ROG Strix G17 90NR03B1-M01800,Đen,Intel Core i7-10750H,16GB,NVIDIA GeForce GTX 1660Ti,512GB SSD,17.3,4-CELL,2.83,Win 10,33499000,https://hanoicomputercdn.com/media/product/53628_zephyrus_g712l__6_.png
APPLE,Macbook Pro 13 - 2020 MXK62,Bạc,Intel Core i5,8GB,Intel HD Graphics,256GB SSD,13.3,4-CELL,1.4,Mac OS,33789000,https://hanoicomputercdn.com/media/product/53023_macbook_pro_13_touchbar__5_.jpg
ASUS,GA401I (2E – GRAY W/LED),Xám,Ryzen 7 4800HS,8GB,NVIDIA GeForce GTX 1660Ti,512GB SSD,14,4-CELL,1.734,Win 10,33999000,https://hanoicomputercdn.com/media/product/55084_zephyrus_ga401ii__8_.jpg
ACER,Helios 300 PH315-53-770L (2020) NH.Q7XSV.002,Đen,Intel Core i7-10750H,8GB,NVIDIA GeForce GTX 1660Ti,HDD + SSD,15.6,4-CELL,2.2,Win 10,35989000,https://hanoicomputercdn.com/media/product/55480_helios300.jpg
MSI,GL65 10SEK (2020) 235VN,Đen,Intel Core i7-10750H,16GB,NVIDIA GeForce RTX 2060,512GB SSD,15.6,6-CELL,2.3,Win 10,36989000,https://hanoicomputercdn.com/media/product/52786_msi_nb_gl65__8_.jpg
APPLE,Macbook Pro 13 - 2020 MXK52,Xám,Intel Core i5,8GB,Intel HD Graphics,512GB SSD,13.3,4-CELL,1.4,Mac OS,38489000,https://hanoicomputercdn.com/media/product/53024_macbook_pro_13_touchbar__5_.jpg
Apple,Macbook Pro 13 - 2020 MXK72,Bạc,Intel Core i5,8GB,Intel HD Graphics,512GB SSD,13.3,4-CELL,1.4,Mac OS,38489000,https://hanoicomputercdn.com/media/product/53025_macbook_pro_13_touchbar__5_.jpg
LG,LG Gram 17Z90N (Model 2020) V.AH75A5,Xám,Intel Core i7-1065G7,8GB,Intel HD Graphics,512GB SSD,17.3,6-CELL,1.35,Win10,38989000,https://hanoicomputercdn.com/media/product/52023_17z90n_v_ah75a5.png
MSI,GS66 Stealth 10SE 407VN,Đen,Intel Core i7-10750H,16GB,NVIDIA GeForce GTX 2060,512GB SSD,15.6,4-CELL,2.1,Win10,45999000,https://hanoicomputercdn.com/media/product/53819_msi_gaming_gs66_stealth_10se__5_.png
MSI,GE66 Raider 10SF 474VN,Xám,Intel Core i7-10875H,32GB,NVIDIA GeForce RTX 2070,512GB SSD,15.6,4-CELL,2.38,Win10,58489000,https://hanoicomputercdn.com/media/product/54516_msi_nb_ge66_raider__9_.jpg
DELL,XPS 15 9500 (2020) 70221010,Bạc,Intel Core i7-10750H,16GB,NVIDIA GeForce GTX 1650Ti,512GB SSD,15.6,6-CELL,2,Win10,58489000,https://hanoicomputercdn.com/media/product/55982_xps_9500__5_.png
